N_events,mean_B_event_z,mean_HT,mean_MET,mean_MET_fraction,mean_Nbtags_medium,mean_Njets30,mean_Nleptons,mean_S_event_proxy,pseudo_region
5545,-0.6271499980402184,429.32114752028707,32.611342028854885,0.13475101617811658,0.12876465284039676,2.216230838593327,0.6746618575293056,1.306480601416287,SR1_low_boundary
48,0.9155629074814088,804.3035770833332,180.7362916666667,0.24988952436453168,0.3125,3.1666666666666665,1.125,1.5888592475181706,SR2_medium_MET
58,2.3264169267342725,755.3858275862068,636.6762931034483,0.4722731849772731,0.05172413793103448,1.6379310344827587,0.5,0.9888969377013056,SR3_high_MET
2,4.087487809946665,1515.5535,327.135,0.20889645533363618,1.5,6.5,1.0,2.282174095733918,SR4_high_MET_high_jets
1659,1.6481224647253216,855.5168288125371,66.43976561723932,0.06670133923342292,0.7130801687763713,5.7769740807715495,2.2025316455696204,2.2404345160367747,SR5_high_boundary
336,2.5564375485128332,980.3879672619044,120.02387910416672,0.08801444597376631,1.1428571428571428,6.363095238095238,2.9285714285714284,2.374060419422408,SR6_extreme_boundary
352,-0.5629517262710326,113.35813806818182,126.32298715909089,0.7464713704945374,0.008522727272727272,0.45454545454545453,0.08238636363636363,0.348288348021564,SR7_high_MET_fraction
165,2.091274996301468,902.985024242424,40.575688363636345,0.04609225187887586,0.6424242424242425,8.26060606060606,1.593939393939394,2.431924555410598,SR8_high_multiplicity
