{
  "MET": {
    "residual_beta": [
      3.588548051387209,
      0.20504944405061223,
      -0.06253865792525197,
      -0.07557820918409477,
      -0.12799168585270904,
      0.05596499402826406
    ],
    "features": [
      "log_ht",
      "n_jets",
      "n_btags",
      "n_muons",
      "n_electrons"
    ],
    "stats": {
      "log_missing": {
        "mean": 4.324084992205993,
        "sd": 0.6873406556203877
      },
      "log_ht": {
        "mean": 4.561883297193069,
        "sd": 1.9322734227427465
      },
      "log_packed": {
        "mean": 7.4127109108016285,
        "sd": 0.2255042787243615
      },
      "log_sv": {
        "mean": 0.8060276358011652,
        "sd": 0.6221899439473713
      },
      "n_jets": {
        "mean": 2.1135290313133037,
        "sd": 1.4300711931569383
      },
      "n_btags": {
        "mean": 0.31061613745637373,
        "sd": 0.584947165670183
      },
      "residual": {
        "mean": 1.1431668938399875e-15,
        "sd": 0.6018708071111353
      }
    },
    "missing_decile_edges": [
      0.195996,
      30.25344,
      44.74848,
      57.405840000000005,
      70.71606,
      86.0814,
      104.31740000000002,
      125.333,
      150.2774,
      183.87260000000003,
      27075.8
    ]
  },
  "JetHT": {
    "residual_beta": [
      3.1159916539487016,
      0.057929303777906706,
      0.004916263308936807,
      0.0153976950941975,
      0.017169308146175025,
      0.010190706565876778
    ],
    "features": [
      "log_ht",
      "n_jets",
      "n_btags",
      "n_muons",
      "n_electrons"
    ],
    "stats": {
      "log_missing": {
        "mean": 3.500519943192744,
        "sd": 0.6232583727138534
      },
      "log_ht": {
        "mean": 6.012865434820227,
        "sd": 1.2421375430505877
      },
      "log_packed": {
        "mean": 7.42145779708533,
        "sd": 0.2040707574720788
      },
      "log_sv": {
        "mean": 1.2248679757779242,
        "sd": 0.6180145313162112
      },
      "n_jets": {
        "mean": 3.873718501485101,
        "sd": 1.9251078503410894
      },
      "n_btags": {
        "mean": 0.3030929340213617,
        "sd": 0.6055200242667169
      },
      "residual": {
        "mean": -1.3880378768896577e-15,
        "sd": 0.6173380667501396
      }
    },
    "missing_decile_edges": [
      0.130439,
      13.709819999999999,
      20.16988,
      25.7081,
      31.09306,
      36.7519,
      43.01462,
      50.32918,
      60.08886000000001,
      75.8645,
      1541.67
    ]
  },
  "SingleMuon": {
    "residual_beta": [
      3.343864121953725,
      0.05229125601868877,
      -0.041553141468986844,
      -0.05771058900874331,
      -0.05713884302432203,
      0.02461809456188216
    ],
    "features": [
      "log_ht",
      "n_jets",
      "n_btags",
      "n_muons",
      "n_electrons"
    ],
    "stats": {
      "log_missing": {
        "mean": 3.4130711853302587,
        "sd": 0.5988789079705789
      },
      "log_ht": {
        "mean": 3.957989685700122,
        "sd": 1.3819150976500294
      },
      "log_packed": {
        "mean": 7.286701727831756,
        "sd": 0.18393774467128451
      },
      "log_sv": {
        "mean": 0.4403841340523922,
        "sd": 0.5441649562549103
      },
      "n_jets": {
        "mean": 1.49258487077613,
        "sd": 1.0126299231289317
      },
      "n_btags": {
        "mean": 0.19125919515361314,
        "sd": 0.4705083700656395
      },
      "residual": {
        "mean": 1.2581683258859989e-15,
        "sd": 0.5961337672124895
      }
    },
    "missing_decile_edges": [
      0.033276,
      12.8523,
      18.9405,
      24.108000000000008,
      29.01,
      33.9967,
      39.3233,
      45.42340000000001,
      53.0307,
      64.7022,
      3379.4
    ]
  }
}