test,delta_auc,standard_error,p_one_sided,sigma_one_sided_Z,p_value_note,process_label,tested_model,n_signal_test,n_sm_test,auc_standard,auc_tested
delong_correlated_auc,-0.001167929292929193,0.00046598503671187115,0.9939010447433815,-2.506366515908856,analytic_normal_approximation,SMS-T2tt,standard_plus_trace_axis,429,16320,0.9904500319941496,0.9892821027012205
delong_correlated_auc,0.00027809827930647124,5.9656572141348614e-05,1.5683935110824734e-06,4.661653684149886,analytic_normal_approximation,SMS-T2tt compressed stop mStop300 mLSP290,standard_plus_trace_axis,15027,16320,0.9924541258740802,0.9927322241533866
delong_correlated_auc,0.0006470134350036183,0.0033245303122532263,0.4228460058941143,0.19461799840384067,analytic_normal_approximation,gluino,standard_plus_trace_axis,270,16320,0.742034540668119,0.7426815541031228
delong_correlated_auc,0.005365896358543454,0.0031365663142838094,0.04356317923892223,1.7107549533090871,analytic_normal_approximation,neutralino,standard_plus_trace_axis,595,16320,0.9029055445707695,0.9082714409293131
delong_correlated_auc,-0.0013327562959914996,0.0006715872368409401,0.9763992249131893,-1.984487230967363,analytic_normal_approximation,SMS-T2tt,standard_plus_BNF,429,16320,0.9904500319941496,0.989117275698158
delong_correlated_auc,0.0003419090734717578,6.98323394678462e-05,4.886814388706182e-07,4.89614233286839,analytic_normal_approximation,SMS-T2tt compressed stop mStop300 mLSP290,standard_plus_BNF,15027,16320,0.9924541258740802,0.9927960349475521
delong_correlated_auc,0.007937545388525757,0.0038812383070854334,0.02042218362976594,2.045106422358888,analytic_normal_approximation,gluino,standard_plus_BNF,270,16320,0.742034540668119,0.7499720860566449
delong_correlated_auc,0.007271585104630107,0.0037873869191747097,0.027432247952183575,1.9199477792500328,analytic_normal_approximation,neutralino,standard_plus_BNF,595,16320,0.9029055445707695,0.9101771296753995
