N_events,mean_B_event_z,mean_HT,mean_MET,mean_MET_fraction,mean_Nbtags_medium,mean_Njets30,mean_Nleptons,mean_S_event_proxy,pseudo_region
16289,-0.45185006542388717,244.34247827368037,55.9055280382467,0.24570179756636845,0.14862790840444473,2.170360365891092,0.5348394622137639,1.2661921004401617,SR1_low_boundary
613,1.130031445257255,464.57063719412815,184.17048287112576,0.34340381954410776,0.3425774877650897,3.0146818923327894,1.1092985318107667,1.5775934081321408,SR2_medium_MET
187,2.26526668092498,630.2318064171126,504.32679144385025,0.44880013228960447,0.13368983957219252,2.160427807486631,0.5828877005347594,1.1938386748136962,SR3_high_MET
7,4.1003104520229074,737.6375714285714,291.60857142857145,0.29055352895408326,0.5714285714285714,6.428571428571429,2.142857142857143,2.3022876406791424,SR4_high_MET_high_jets
3501,1.7939742166041501,547.4414093116258,93.84171120508398,0.14023367382165358,0.7049414453013425,4.806912310768352,1.6889460154241644,2.0728148031643734,SR5_high_boundary
969,2.828984158627871,734.3125170278639,143.87885398245632,0.14972672802784148,0.9514963880288958,5.352941176470588,2.303405572755418,2.2126828389490645,SR6_extreme_boundary
2611,-0.8364990644456379,90.80736740712375,99.67108853312885,0.658055349298795,0.064343163538874,0.900804289544236,0.20873228648027575,0.6340376599270632,SR7_high_MET_fraction
125,2.9092841401364633,759.8462799999999,53.46099728,0.06483086745211745,0.624,8.408,1.248,2.4118972341586087,SR8_high_multiplicity
