scheme,n,n_train,r2,mae,rmse,corr
GroupKFold_by_analysis,752,752,0.035623489825516774,0.8260037441819995,0.9727378710519596,0.21722858881967724
ATLAS_train_CMS_test,197,555,-0.9357307400816461,0.9251710456240299,1.0897240588701549,-0.060090786902400405
CMS_train_ATLAS_test,555,197,-0.12596453896306814,0.8547084289256409,1.0873503160052267,0.2043302774835204
