{
  "pooled_Z": {
    "n": 752,
    "n_analyses": 40,
    "beta": 0.11786036925365775,
    "se": 0.10061546816818943,
    "p": 0.24181239435380472,
    "r2": 0.0018262111423874572,
    "spearman_rho": 0.09224029156634775,
    "spearman_p": 0.011384833221097764
  },
  "pooled_Delta_N": {
    "n": 752,
    "n_analyses": 40,
    "beta": -6.944392547376012,
    "se": 1.3274592831763947,
    "p": 2.1855910097665145e-07,
    "r2": 0.035204651097570205,
    "spearman_rho": 0.036231573087311175,
    "spearman_p": 0.32108163637136333
  },
  "row_bootstrap_Z": {
    "ci_low": -0.00988412328478644,
    "ci_high": 0.31262902193000874,
    "mean": 0.12663024909681136,
    "n_success": 5000
  },
  "analysis_cluster_bootstrap_Z": {
    "ci_low": -0.10493575389529919,
    "ci_high": 2.3228278571519514,
    "mean": 0.5230663239973911,
    "n_success": 5000
  },
  "experiments_Z": {
    "ATLAS": {
      "n": 555,
      "n_analyses": 32,
      "beta": 1.7144669779422885,
      "se": 0.2697430146562223,
      "p": 4.336102439261781e-10,
      "r2": 0.06807880054543114,
      "spearman_rho": 0.1588414053043828,
      "spearman_p": 0.00017161937350363256
    },
    "CMS": {
      "n": 197,
      "n_analyses": 8,
      "beta": -0.1262618662235624,
      "se": 0.11868959811444739,
      "p": 0.28873535083558666,
      "r2": 0.005769940936817597,
      "spearman_rho": -0.11705884756099773,
      "spearman_p": 0.10138406273982742
    }
  },
  "trimmed_Z": {
    "abs_Z_le_3": {
      "n": 651,
      "n_analyses": 40,
      "beta": -0.011426089143399432,
      "se": 0.047077259560123895,
      "p": 0.8083072787106295,
      "r2": 9.075880174802542e-05,
      "spearman_rho": 0.04189250318437675,
      "spearman_p": 0.285841307817548
    },
    "abs_Z_le_5": {
      "n": 719,
      "n_analyses": 40,
      "beta": -0.012202072593257944,
      "se": 0.0615422446811727,
      "p": 0.8428888581169559,
      "r2": 5.482486578478607e-05,
      "spearman_rho": 0.049324223213185504,
      "spearman_p": 0.18647090577819608
    },
    "abs_Z_le_10": {
      "n": 743,
      "n_analyses": 40,
      "beta": 0.028884429530848008,
      "se": 0.07689424568303371,
      "p": 0.7072932636209373,
      "r2": 0.00019038775251201123,
      "spearman_rho": 0.06620341820817303,
      "spearman_p": 0.07130735415550322
    }
  },
  "categories_Z": {
    "compressed": {
      "n": 15,
      "n_analyses": 4,
      "beta": 3.417671624606235,
      "se": 1.1475793872632811,
      "p": 0.009973998993120315,
      "r2": 0.0,
      "spearman_rho": NaN,
      "spearman_p": NaN
    },
    "long_lived": {
      "n": 50,
      "n_analyses": 1,
      "beta": 2.678975977606934,
      "se": 2.8588139936415433,
      "p": 0.35340173081409165,
      "r2": 0.017965989094331114,
      "spearman_rho": 0.2321523891476595,
      "spearman_p": 0.10474013998981149
    },
    "high_MET": {
      "n": 34,
      "n_analyses": 3,
      "beta": -0.16195903447624124,
      "se": 0.056231546684288085,
      "p": 0.00703459857219274,
      "r2": 0.2058695706910506,
      "spearman_rho": -0.5047232850599327,
      "spearman_p": 0.002333583213463277
    },
    "high_multiplicity": {
      "n": 53,
      "n_analyses": 5,
      "beta": -0.8405514373233732,
      "se": 0.3736616948348374,
      "p": 0.028826074575511083,
      "r2": 0.09026438975046747,
      "spearman_rho": -0.4752993075065313,
      "spearman_p": 0.00032254414074961495
    }
  }
}