{
  "n_signal_regions": 752,
  "n_analyses": 40,
  "Z": {
    "ols": {
      "alpha": 0.34039554742641875,
      "beta": 0.11786036925365775,
      "std_error": 0.10061546816818943,
      "p_value": 0.24181239435380472,
      "r2": 0.0018262111423874572
    },
    "bootstrap": {
      "mean": 0.12569033271894928,
      "ci_low": -0.012611447325584222,
      "ci_high": 0.3097117448462874,
      "n_success": 10000
    },
    "permutation_p_value": 0.22087791220877911
  },
  "Delta_N": {
    "ols": {
      "alpha": -0.794434083172358,
      "beta": -6.944392547376012,
      "std_error": 1.3274592831763947,
      "p_value": 2.1855910097665145e-07,
      "r2": 0.035204651097570205
    },
    "bootstrap": {
      "mean": -6.960895401270081,
      "ci_low": -16.22985469802427,
      "ci_high": -1.5905355620539574,
      "n_success": 10000
    },
    "permutation_p_value": 0.0037996200379962005
  },
  "spearman_B_access_z_vs_Z": {
    "rho": 0.09224029156634775,
    "p_value": 0.011384833221097764
  }
}