{
  "n_signal_regions": 752,
  "n_analyses": 40,
  "Z": {
    "ols": {
      "alpha": 0.34039554742641875,
      "beta": 0.1828561757047738,
      "std_error": 0.10048587968250512,
      "p_value": 0.06920016183862857,
      "r2": 0.0043957669422377554
    },
    "bootstrap": {
      "mean": 0.18904628746965263,
      "ci_low": 0.042864156607360725,
      "ci_high": 0.3720427804688249,
      "n_success": 10000
    },
    "permutation_p_value": 0.06929307069293071
  },
  "Delta_N": {
    "ols": {
      "alpha": -0.794434083172358,
      "beta": -5.743489121545294,
      "std_error": 1.3350895260524065,
      "p_value": 1.9170521978841743e-05,
      "r2": 0.02408147729547583
    },
    "bootstrap": {
      "mean": -5.7487858242954175,
      "ci_low": -13.326576053534293,
      "ci_high": -1.2492872756073123,
      "n_success": 10000
    },
    "permutation_p_value": 0.007099290070992901
  },
  "spearman_B_access_z_vs_Z": {
    "rho": 0.09008422828518706,
    "p_value": 0.013463708700262199
  }
}