{
  "n_signal_regions": 466,
  "n_analyses": 30,
  "Z": {
    "ols": {
      "alpha": 0.40715977357549454,
      "beta": 0.38219095798865726,
      "std_error": 0.13194313927349954,
      "p_value": 0.003950159686890268,
      "r2": 0.017761762022435734
    },
    "bootstrap": {
      "mean": 0.39022251042288725,
      "ci_low": 0.1499025609686605,
      "ci_high": 0.6773872880938698,
      "n_success": 10000
    },
    "permutation_p_value": 0.006199380061993801
  },
  "Delta_N": {
    "ols": {
      "alpha": 0.7995337928205785,
      "beta": -0.13886278614875894,
      "std_error": 0.4756884865813384,
      "p_value": 0.7704785782504896,
      "r2": 0.0001836237002601493
    },
    "bootstrap": {
      "mean": -0.1492498269681548,
      "ci_low": -1.337353564310358,
      "ci_high": 0.9138681685354555,
      "n_success": 10000
    },
    "permutation_p_value": 0.752024797520248
  },
  "spearman_B_access_z_vs_Z": {
    "rho": 0.07722109774562194,
    "p_value": 0.09591589554618421
  }
}