{
  "pooled_Z": {
    "n": 752,
    "n_analyses": 40,
    "beta": 0.1828561757047738,
    "se": 0.10048587968250512,
    "p": 0.06920016183862857,
    "r2": 0.0043957669422377554,
    "spearman_rho": 0.09008422828518706,
    "spearman_p": 0.013463708700262199
  },
  "pooled_Delta_N": {
    "n": 752,
    "n_analyses": 40,
    "beta": -5.743489121545294,
    "se": 1.3350895260524065,
    "p": 1.9170521978841743e-05,
    "r2": 0.02408147729547583,
    "spearman_rho": 0.04453786448308446,
    "spearman_p": 0.22249576117143494
  },
  "row_bootstrap_Z": {
    "ci_low": 0.04698112417274032,
    "ci_high": 0.38058732886178964,
    "mean": 0.18996039331138212,
    "n_success": 5000
  },
  "analysis_cluster_bootstrap_Z": {
    "ci_low": -0.11692738077251238,
    "ci_high": 1.0084731948663996,
    "mean": 0.32708789748786826,
    "n_success": 5000
  },
  "experiments_Z": {
    "ATLAS": {
      "n": 555,
      "n_analyses": 32,
      "beta": 0.8158872421013352,
      "se": 0.1695874346562234,
      "p": 1.939420834299507e-06,
      "r2": 0.04017357795196708,
      "spearman_rho": 0.13055771157999424,
      "spearman_p": 0.0020561308260560103
    },
    "CMS": {
      "n": 197,
      "n_analyses": 8,
      "beta": -0.1497413102182183,
      "se": 0.1384964217151487,
      "p": 0.28094673983676166,
      "r2": 0.005959033454759455,
      "spearman_rho": -0.10986399091984074,
      "spearman_p": 0.12432821897885303
    }
  },
  "trimmed_Z": {
    "abs_Z_le_3": {
      "n": 651,
      "n_analyses": 40,
      "beta": 0.0220132038226039,
      "se": 0.047395967053483805,
      "p": 0.642478917808561,
      "r2": 0.0003322727353947119,
      "spearman_rho": 0.03839966418861891,
      "spearman_p": 0.3279586682500173
    },
    "abs_Z_le_5": {
      "n": 719,
      "n_analyses": 40,
      "beta": 0.04988244168568154,
      "se": 0.06157623811052942,
      "p": 0.41815585517032494,
      "r2": 0.0009144345569933598,
      "spearman_rho": 0.054030131102801915,
      "spearman_p": 0.14781013269619223
    },
    "abs_Z_le_10": {
      "n": 743,
      "n_analyses": 40,
      "beta": 0.09284139523744558,
      "se": 0.07683085828321914,
      "p": 0.22728399376919098,
      "r2": 0.001966702954674937,
      "spearman_rho": 0.06541093397043528,
      "spearman_p": 0.07476886784197945
    }
  },
  "categories_Z": {
    "compressed": {
      "n": 15,
      "n_analyses": 4,
      "beta": -11.160044151759271,
      "se": 6.815668214520457,
      "p": 0.12551049483698937,
      "r2": 0.17097715614918918,
      "spearman_rho": -0.15089563417259477,
      "spearman_p": 0.5914017058089907
    },
    "long_lived": {
      "n": 50,
      "n_analyses": 1,
      "beta": -1.2809269381429602,
      "se": 0.6857008203416795,
      "p": 0.06786527332042415,
      "r2": 0.06777345237039689,
      "spearman_rho": -0.20290277166430187,
      "spearman_p": 0.15759717476872112
    },
    "high_MET": {
      "n": 34,
      "n_analyses": 3,
      "beta": -0.19184112084887892,
      "se": 0.0636433733547448,
      "p": 0.005008124920238242,
      "r2": 0.22114759130535444,
      "spearman_rho": -0.5056440329195737,
      "spearman_p": 0.002283950087402573
    },
    "high_multiplicity": {
      "n": 53,
      "n_analyses": 5,
      "beta": -0.8834936973200699,
      "se": 0.43639265314471526,
      "p": 0.04816652510783206,
      "r2": 0.07438926333125329,
      "spearman_rho": -0.3958880746671943,
      "spearman_p": 0.0033430162409570745
    }
  }
}