{
  "n_signal_regions": 12,
  "n_analyses": 5,
  "Z": {
    "ols": {
      "alpha": 0.893611937983135,
      "beta": 0.3369597343290872,
      "std_error": 0.23946204715573402,
      "p_value": 0.1896948979924423,
      "r2": 0.16528099986152112
    },
    "bootstrap": {
      "mean": 0.3796257390757627,
      "ci_low": -0.1016353300521653,
      "ci_high": 1.1374064434145772,
      "n_success": 1000
    },
    "permutation_p_value": 0.1888111888111888
  },
  "Delta_N": {
    "ols": {
      "alpha": 1.6333333333333342,
      "beta": 1.1007390260317207,
      "std_error": 0.9681905366262518,
      "p_value": 0.28208787654657635,
      "r2": 0.1144603509065113
    },
    "bootstrap": {
      "mean": 1.2486921880355188,
      "ci_low": -0.558793165282644,
      "ci_high": 3.6149398233057375,
      "n_success": 1000
    },
    "permutation_p_value": 0.26873126873126874
  },
  "spearman_B_access_z_vs_Z": {
    "rho": 0.4825174825174825,
    "p_value": 0.11210929146889191
  }
}