dataset,score,term,n,beta,ci_low,ci_high,perm_p_two_sided,perm_p_positive
pooled,verified_only,B_access_verified_z,115,-0.19554459083978423,-0.38521340863608916,-0.007120137311047748,0.06446776611694154,0.9675162418790605
ATLAS,verified_only,B_access_verified_z,36,-10693.940277217323,-79439.47223297946,36495.09248852994,0.6776611694152923,0.6626686656671664
CMS,verified_only,B_access_verified_z,79,-0.2011060726302224,-0.38224058628458957,-0.010694225746223345,0.02348825587206397,0.9870064967516242
pooled,verified_plus_imputed,B_access_verified_imputed_z,752,-0.07898330165995365,-0.15786168656061295,0.020275991351537515,0.39930034982508744,0.8010994502748626
ATLAS,verified_plus_imputed,B_access_verified_imputed_z,555,0.5535956156367796,0.05593646777775176,1.014055277398671,0.09695152423788106,0.041979010494752625
CMS,verified_plus_imputed,B_access_verified_imputed_z,197,-0.15188184018048778,-0.25790606193243315,-0.04889036545127563,0.1489255372313843,0.9720139930034982
