scheme,n,r2,mae,rmse,correlation_predicted_observed,note,dataset
GroupKFold_by_analysis,115,0.016345881873825352,0.8223134684864937,1.1384900131326792,0.1574789048473518,,verified_only
ATLAS_train_CMS_test,79,-203686226.28053764,10543.37960255906,13225.460377877986,0.25879266851192495,,verified_only
CMS_train_ATLAS_test,36,-0.0026765305552998164,1.1439377437495684,1.526752107385729,0.07326962678201347,,verified_only
GroupKFold_by_analysis,752,-0.023248533369592428,1.6723818724622599,2.7898629454922457,-0.1288210679782941,,verified_plus_imputed
ATLAS_train_CMS_test,197,-0.20762314496258316,1.51326440928708,3.1054967235220268,-0.09463009873952305,,verified_plus_imputed
CMS_train_ATLAS_test,555,-0.0037839826457399806,1.82972160525024,2.738557208259317,-0.0704580285472266,,verified_plus_imputed
