{
  "beta": [
    5.301637244496474,
    0.025859963107444785,
    -0.0011996721901758323,
    0.0013588498450968173,
    0.007692706897687497,
    4.508095821739288e-06
  ],
  "resid_mean": 8.47644267934091e-16,
  "resid_std": 0.11640983530377441,
  "pc_mean": 7.388390594739165,
  "pc_std": 0.18437362415611486,
  "log1p_missing_proxy_mean": 5.445909037831089,
  "log1p_missing_proxy_std": 0.11900601368883244,
  "log1p_HT_mean": 5.589414844577245,
  "log1p_HT_std": 0.893751934518117,
  "disp_raw_mean": 0.7062173834547745,
  "disp_raw_std": 0.6493333898515561,
  "N_jets_30_mean": 2.3950154898968883,
  "N_jets_30_std": 1.2416528098388993,
  "N_btags_medium_mean": 0.1654875849632404,
  "N_btags_medium_std": 0.45303393198999103
}