N_events,mean_B_event_z,mean_HT,mean_MET,mean_MET_fraction,mean_Nbtags_medium,mean_Njets30,mean_Nleptons,mean_S_event_proxy,pseudo_region
14358,-0.11958533954753117,72.58373201002931,30.02002969111305,0.443826344882831,0.2087338069368993,1.2019083437804707,1.1717509402423736,1.1939613083615443,SR1_low_boundary
22,4.382194129956459,557.5356363636364,183.98940909090908,0.3101261603053332,0.7272727272727273,3.4545454545454546,2.4545454545454546,1.9074471550136416,SR2_medium_MET
8,5.3685915361382905,444.83750000000003,341.13050000000004,0.4391034494207425,0.25,3.0,1.75,1.700754149676735,SR3_high_MET
1,5.3235285070708445,325.749,299.093,0.4779049664292265,0.0,6.0,1.0,2.079441541679836,SR4_high_MET_high_jets
1965,1.9809874310581752,306.5727465648857,45.315463816794,0.15098666609199285,0.76793893129771,3.1053435114503816,1.988295165394402,1.9000698295946534,SR5_high_boundary
692,3.0162093570501387,445.1297432080925,56.79420750000001,0.12162835583348362,0.9017341040462428,3.9104046242774566,2.494219653179191,2.094941086385252,SR6_extreme_boundary
6588,-0.45273809362105827,22.91144350333947,35.59974426882204,0.7151704145866742,0.08773527625986642,0.5425015179113539,0.9934729811778992,0.9021727018166446,SR7_high_MET_fraction
6,5.829173306926429,876.1376666666665,45.52903333333334,0.054272341456141925,1.1666666666666667,8.333333333333334,2.6666666666666665,2.5723193567301057,SR8_high_multiplicity
