jet_bin,usable,real_events,sideband_80_95_observed,sideband_80_95_expected_official,sideband_80_95_obs_exp,q99_observed,q99_expected_shape,q99_obs_exp,sideband_log_rms,relative_uncertainty_used,q99_Z
0jet,True,7050055,1362736.0,1046944.8420551252,1.3016311320900011,771125.0,1797491.9079115824,0.4290005404786118,0.22162931407847924,0.3729873360569997,-1.530878565113741
1to2jets,True,2560282,338333.0,228366.97075517196,1.4815321098370247,19.0,32.52291617284831,0.5842034551582466,0.4297829261422653,0.5241310557517155,-0.7523207714266845
3to4jets,True,167033,51263.0,28649.616822771764,1.7893083986817684,37.0,98.50718296165498,0.3756071271919598,0.2112896867823171,0.3669377763879997,-1.640897075097966
5plusjets,True,19039,11139.0,10113.36273772789,1.1014140685813603,282.0,197.91010977444745,1.4248893112200656,0.3139309061916265,0.4342264545859635,0.9656440264340549
