{
  "MET": {
    "residual_beta": [
      5.130762202419193,
      0.021731221845459302,
      -0.00786283291357267,
      -0.010912229791860323,
      -0.003025660280743977,
      0.005743347607003353
    ],
    "features": [
      "log_ht",
      "n_jets",
      "n_btags",
      "n_muons",
      "n_electrons"
    ],
    "stats": {
      "log_missing": {
        "mean": 5.229560337325234,
        "sd": 0.14586987045765945
      },
      "log_ht": {
        "mean": 5.424347762011226,
        "sd": 0.9246970909235303
      },
      "log_packed": {
        "mean": 7.379706928569006,
        "sd": 0.18618639561119465
      },
      "log_sv": {
        "mean": 0.6866053204631808,
        "sd": 0.6316946465707901
      },
      "n_jets": {
        "mean": 2.3277309648523494,
        "sd": 1.198265399019545
      },
      "n_btags": {
        "mean": 0.17320276322781447,
        "sd": 0.4587948540377352
      },
      "residual": {
        "mean": 2.518750746910623e-15,
        "sd": 0.14486598854632826
      }
    },
    "missing_decile_edges": [
      150.001,
      155.8021,
      162.0092,
      168.4486,
      175.7614,
      183.64749999999998,
      192.7692,
      203.70069999999998,
      218.533,
      244.30490000000003,
      27075.8
    ]
  },
  "JetHT": {
    "residual_beta": [
      1.9100025586542189,
      0.25551938220812476,
      -0.002295525991786701,
      0.017245020961148053,
      0.0019328200533892358,
      0.008536955213647906
    ],
    "features": [
      "log_ht",
      "n_jets",
      "n_btags",
      "n_muons",
      "n_electrons"
    ],
    "stats": {
      "log_missing": {
        "mean": 3.6966164431789976,
        "sd": 0.6459790734885006
      },
      "log_ht": {
        "mean": 6.985469871856218,
        "sd": 0.1710890692706436
      },
      "log_packed": {
        "mean": 7.442649882902326,
        "sd": 0.19476065695013645
      },
      "log_sv": {
        "mean": 1.5045285787608682,
        "sd": 0.5048913087664155
      },
      "n_jets": {
        "mean": 4.5340387432850395,
        "sd": 1.6406559645278849
      },
      "n_btags": {
        "mean": 0.2878398176786586,
        "sd": 0.5694543933462541
      },
      "residual": {
        "mean": 1.7775713435066287e-15,
        "sd": 0.6443390155912933
      }
    },
    "missing_decile_edges": [
      0.130439,
      16.5354,
      24.30992,
      31.0503,
      37.675080000000015,
      44.87455,
      52.68112000000001,
      62.26782,
      75.11166,
      96.77995,
      1541.67
    ]
  },
  "SingleMuon": {
    "residual_beta": [
      3.3759766182336537,
      0.04661987013327451,
      -0.03727828588982855,
      -0.0579605036503077,
      -0.06822269395297849,
      0.026842070013956186
    ],
    "features": [
      "log_ht",
      "n_jets",
      "n_btags",
      "n_muons",
      "n_electrons"
    ],
    "stats": {
      "log_missing": {
        "mean": 3.4163740874665494,
        "sd": 0.5983409561667729
      },
      "log_ht": {
        "mean": 4.011177355082167,
        "sd": 1.3100342061352912
      },
      "log_packed": {
        "mean": 7.285191303165078,
        "sd": 0.18365605809860816
      },
      "log_sv": {
        "mean": 0.44061810644362415,
        "sd": 0.5446186756931102
      },
      "n_jets": {
        "mean": 1.5113686509616884,
        "sd": 1.002418022572237
      },
      "n_btags": {
        "mean": 0.19331832668434776,
        "sd": 0.47290246227422333
      },
      "residual": {
        "mean": 2.440508192593117e-15,
        "sd": 0.5956977685627193
      }
    },
    "missing_decile_edges": [
      0.033276,
      12.90648,
      19.023300000000003,
      24.2019,
      29.12506,
      34.1116,
      39.445040000000006,
      45.55314,
      53.163560000000004,
      64.84832000000003,
      3379.4
    ]
  }
}