{
  "q95_threshold": 5.82816222258085,
  "beta": [
    5.301637244496474,
    0.025859963107444785,
    -0.0011996721901758323,
    0.0013588498450968173,
    0.007692706897687497,
    4.508095821739288e-06
  ],
  "resid_mean": 8.47644267934091e-16,
  "resid_std": 0.11640983530377441,
  "pc_mean": 7.388390594739165,
  "pc_std": 0.18437362415611486,
  "log1p_missing_proxy_mean": 5.445909037831089,
  "log1p_missing_proxy_std": 0.11900601368883244,
  "log1p_HT_mean": 5.589414844577245,
  "log1p_HT_std": 0.893751934518117,
  "disp_raw_mean": 0.7062173834547745,
  "disp_raw_std": 0.6493333898515561,
  "N_jets_30_mean": 2.3950154898968883,
  "N_jets_30_std": 1.2416528098388993,
  "N_btags_medium_mean": 0.1654875849632404,
  "N_btags_medium_std": 0.45303393198999103,
  "leptonic_mean": 0.6784574837009294,
  "leptonic_std": 1.0166231373050831,
  "pca_mean": [
    5.445909037831098,
    5.589414844577249,
    2.3950154898968883,
    0.1654875849632404,
    0.30891940629768344,
    0.36953807740324596,
    0.7491270154251648,
    24.80490406239836
  ],
  "pca_std": [
    0.11900601368883221,
    0.8937519345181172,
    1.2416528098389414,
    0.45303393198993736,
    0.7877638888844974,
    0.6220561756548691,
    0.28757450907221244,
    60.162851370727324
  ],
  "pca_basis": [
    [
      0.16126454788502761,
      0.0908052159382222,
      0.6758920787961938
    ],
    [
      0.4926267639953438,
      -0.38310921028098854,
      0.1745495228959923
    ],
    [
      0.5401546102650299,
      0.03613565229858773,
      -0.10010806949434392
    ],
    [
      0.28899542343492074,
      0.21476809123332125,
      -0.34068047627936593
    ],
    [
      0.33402763485459896,
      0.19547575439193915,
      0.25368739516432903
    ],
    [
      0.20313716832146606,
      -0.10954655434617735,
      -0.5662020035867426
    ],
    [
      -0.4064033818041487,
      -0.469873785626917,
      0.03766086505373701
    ],
    [
      -0.19499841151134614,
      0.7256431869959595,
      -0.016037621208301305
    ]
  ],
  "pca_resid_mean": 0.5241825321104676,
  "pca_resid_std": 0.318079717767839
}