N_events,mean_B_event_z,mean_HT,mean_MET,mean_MET_fraction,mean_Nbtags_medium,mean_Njets30,mean_Nleptons,mean_S_event_proxy,pseudo_region
26521,-0.2513237548126161,116.95355405904768,58.26238693369035,0.5934875067685504,0.10568983070019984,1.0298631273330567,0.38165981674899135,0.6950848497037665,SR1_low_boundary
3924,0.17303189201193256,258.2329163863404,190.0909717125383,0.4753274471745685,0.09964322120285422,1.6345565749235473,0.41462793068297654,1.0010518556811363,SR2_medium_MET
1870,0.6249979626946427,532.6856226203199,509.54165347593494,0.4995337457676476,0.031016042780748664,1.370053475935829,0.18877005347593584,0.8737638364336726,SR3_high_MET
8,4.887054252209221,1381.8944999999999,320.937875,0.19775875548526886,0.75,7.625,4.0,2.556166345009307,SR4_high_MET_high_jets
4892,1.8495426564927568,572.6948750000013,162.135610991006,0.19970055326748112,0.7530662305805397,3.6913327882256746,1.927636958299264,1.9584021493687247,SR5_high_boundary
1483,2.8452629551792366,826.5727815239389,232.93965690357382,0.1629905500668404,1.1429534726904922,4.596763317599461,2.6871207012811866,2.2130089300230087,SR6_extreme_boundary
22859,-0.4328166430251458,95.61374020735852,107.2388925416685,0.7121977876971274,0.024891727547136797,0.6276740014873792,0.119121571372326,0.45147580335927173,SR7_high_MET_fraction
47,4.182851350432166,1059.856936170213,127.34363957446811,0.11393964009266261,1.0425531914893618,8.53191489361702,2.4893617021276597,2.555860740684011,SR8_high_multiplicity
