fold,tested_model,auc,base_auc,delta_auc
0,standard_plus_full_NFrame_axes,0.5891418269230769,0.5639366987179486,0.025205128205128324
1,standard_plus_full_NFrame_axes,0.9103962559530818,0.8599369162651266,0.05045933968795524
2,standard_plus_full_NFrame_axes,0.9998809832943824,0.9830530598113043,0.016827923483078044
3,standard_plus_full_NFrame_axes,0.7725196349234044,0.6419468225044747,0.1305728124189297
4,standard_plus_full_NFrame_axes,0.5150806237304211,0.32035459486378604,0.19472602886663504
