fold,tested_model,auc,base_auc,delta_auc
0,standard_plus_trace_axis,0.5903242521367522,0.5639366987179486,0.02638755341880361
1,standard_plus_trace_axis,0.8376010169750422,0.8599369162651266,-0.022335899290084393
2,standard_plus_trace_axis,0.9881819440837878,0.9830530598113043,0.0051288842724834804
3,standard_plus_trace_axis,0.6656938239270631,0.6419468225044747,0.023747001422588454
4,standard_plus_trace_axis,0.3314278720402014,0.32035459486378604,0.011073277176415375
