fold,tested_model,auc,base_auc,delta_auc
0,standard_plus_BNF,0.6061322115384615,0.5639366987179486,0.042195512820512926
1,standard_plus_BNF,0.8213787311015137,0.8599369162651266,-0.03855818516361287
2,standard_plus_BNF,0.994958452350039,0.9830530598113043,0.011905392538734683
3,standard_plus_BNF,0.6903087873102752,0.6419468225044747,0.04836196480580057
4,standard_plus_BNF,0.4548319738041854,0.32035459486378604,0.13447737894039935
