tested_model,mean_delta_auc,median_delta_auc,folds_positive,fold_count,cluster_sign_flip_p_one_sided,cluster_sign_flip_Z_one_sided
standard_plus_trace_axis,0.008800163400041305,0.011073277176415375,4,5,0.18181818181818182,0.9084578685373851
standard_plus_BNF,0.039676412788366935,0.042195512820512926,4,5,0.12121212121212122,1.168948844531482
standard_plus_full_NFrame_axes,0.08355824653234527,0.05045933968795524,5,5,0.06060606060606061,1.5497059007365892
