pseudo_signal_region,N_events,mean_MET,mean_HT,mean_Njets,mean_Njets50,mean_B_event_jetonly_z,mean_B_event_z,mean_MET_fraction,mean_S_event_proxy
JSR1_low_jet_boundary,88710,,194.69275724255988,1.9506143614023221,1.578942622026829,-0.3143477470104706,-0.31704956298582426,,1.0507990308826198
JSR2_medium_HT,35754,,433.7134077777704,3.3012809755551826,2.619399228058399,0.5140449382769167,0.5113793743623358,,1.4269268649132245
JSR3_high_HT,4527,,2455.5440258496324,5.024298652529269,4.2714822178042855,1.6773743977448201,1.620029350168742,,1.664380209907548
JSR4_high_HT_high_jets,932,,8515.808480221825,10.07725321888412,8.5,4.836949040559624,4.705188319351708,,2.194839248743382
JSR5_high_jet_boundary,9626,,1332.7676703038742,5.385206731768128,4.223872844379804,1.6959232026897975,1.658902569971249,,1.8052584316131022
JSR6_extreme_jet_boundary,1023,,7746.904543784357,9.994134897360704,8.481915933528837,4.72035640449447,4.551800632836743,,2.209123201649275
JSR7_high_multiplicity,264,,27624.313331228313,20.026515151515152,17.893939393939394,11.905361756989103,11.625996808122961,,2.772019742670824
JSR8_many_hard_jets,445,,16763.494350201898,14.195505617977528,13.395505617977529,8.013838649947239,7.622720931984431,,2.422957812869344
