outcome,rare_mean,nonrare_mean,difference,welch_p,rare_n,nonrare_n
abs_Z_capped_3,2.0136638463051186,1.1682573228722684,0.8454065234328503,2.2347992118917156e-08,73,679
abs_Z_conservative,1.146649878881365,0.634637867458445,0.5120120114229201,8.844115977744148e-05,73,679
abs_Poisson,1.3639818844669689,0.9407829530160126,0.42319893145095633,0.0018195018222200861,73,679
Z_capped_3,1.2767627168976068,0.013207316898906054,1.2635553999987008,5.942920337309275e-07,73,679
