scheme,n,n_train,r2,mae,rmse,corr
GroupKFold_by_analysis,752,752,-0.1823202216665567,0.8855254895793314,1.0770604316981511,0.017096553999714936
ATLAS_train_CMS_test,197,555,-1.2395970819188378,0.9807521977800899,1.1721387196666475,-0.051344473906456876
CMS_train_ATLAS_test,555,197,-0.1935608897251293,0.8774463913034581,1.1195137145060132,0.18251070757836851
